,status,mites,Carnica,Unknown,Buckfast + Carnica,Hybrid,Buckfast,Swarm,Queens,PRE_None,PRE_Thymol,PRE_OA,PRE_Fluvalinate,PRE_MO,PRE_Coumaphos,PRE_Amitraz,WIN_None,WIN_Thymol,WIN_OA,WIN_Heat,WIN_MO,WIN_Coumaphos,WIN_Chlorophenyl,POST_None,POST_Thymol,POST_OA,POST_Fluvalinate,AMFVload,BMLVload,thogload,thikaload,uncload,vdvload,dwvload,Numvir
12_1,Healthy,0,1,0,0,0,0,0,0,1,0,0,0,0,0,0,0,1,0,0,0,0,0,1,0,0,0,3520.35,0,0,2873.11,0,7366.8,28152.32,4
12_10,Healthy,8.887458151,0,1,0,0,0,0,0,0,1,0,0,0,0,0,1,0,0,0,0,0,0,0,1,0,0,7715.89,0,0,0,0,2050000,1.11e+09,3
12_100,Healthy,0.734693878,0,0,1,0,0,0,0,0,0,1,0,0,0,0,0,1,0,0,0,0,0,1,0,0,0,71794.55,0,0,0,0,20595.69,175789.19,3
12_101,Healthy,11.8575233,0,0,1,0,0,0,0,0,0,1,0,0,0,0,0,1,0,0,0,0,0,1,0,0,0,40035.4,0,0,0,0,90317.25,487926.67,3
12_102,Healthy,9.275825346,0,0,1,0,0,0,0,0,0,1,0,0,0,0,0,1,0,0,0,0,0,1,0,0,0,457192.34,40712.91,0,0,0,7750000,1.62e+09,4
12_103,WL,3.388429752,1,0,0,0,0,0,0,0,0,1,0,0,0,0,1,0,0,0,0,0,0,1,0,0,0,21534.86,0,0,0,0,192896.21,814067.5,3
12_104,Healthy,0,1,0,0,0,0,0,0,0,0,1,0,0,0,0,0,0,1,0,0,0,0,0,0,1,0,0,2571.83,0,0,0,40253.74,19806.46,3
12_105,WL,0.734693878,0,0,0,1,0,0,0,1,0,0,0,0,0,0,1,0,0,0,0,0,0,1,0,0,0,43293.71,0,17286,0,0,1.1e+07,438569.78,4
12_106,WL,11.8575233,0,0,0,1,0,0,0,1,0,0,0,0,0,0,1,0,0,0,0,0,0,1,0,0,0,5462.55,0,1.2e+07,0,0,8.92e+08,1.43e+08,4
12_107,WL,9.275825346,0,0,0,1,0,0,0,1,0,0,0,0,0,0,1,0,0,0,0,0,0,1,0,0,0,58758.14,0,182185.15,0,0,0,1.13e+08,3
12_108,WL,3.476275057,0,0,0,1,0,0,0,1,0,0,0,0,0,0,1,0,0,0,0,0,0,1,0,0,0,31695.13,8749.58,0,0,0,39600000,5.41e+08,4
12_109,WL,0,0,0,0,1,0,0,0,1,0,0,0,0,0,0,1,0,0,0,0,0,0,1,0,0,0,32455.91,0,1170000,0,0,2.85e+09,3.41e+08,4
12_11,WL,0,1,0,0,0,0,0,0,0,1,0,1,0,0,0,0,0,1,0,0,0,0,1,0,0,0,5971.9,0,0,0,0,14205.31,55358.2,3
12_110,WL,0,0,0,0,1,0,0,0,1,0,0,0,0,0,0,1,0,0,0,0,0,0,1,0,0,0,130078.69,0,0,0,0,243002.46,238166.36,3
12_111,Healthy,0,0,0,0,1,0,0,0,0,0,1,0,0,0,0,0,0,1,0,0,0,0,0,0,1,0,52624.19,0,0,0,0,9794.98,5325.61,3
12_112,Healthy,3.337299227,0,0,0,1,0,0,0,0,0,1,0,0,0,0,0,0,1,0,0,0,0,0,0,1,0,116976.18,0,0,5559.48,0,13100000,43300000,4
12_113,Healthy,0.171632569,0,0,0,1,0,0,0,0,0,1,0,0,0,0,0,0,1,0,0,0,0,0,0,1,0,116367.39,0,0,0,0,25282.81,16127.78,3
12_114,Healthy,0,0,0,0,1,0,0,0,0,0,1,0,0,0,0,0,0,1,0,0,0,0,0,0,1,0,105798.88,0,0,3741.92,0,6096.93,8849.83,4
12_115,Healthy,0.182466144,0,0,0,1,0,0,0,0,0,1,0,0,0,0,0,0,1,0,0,0,0,0,0,1,0,61804.7,0,0,7775.75,0,2313.91,6332.44,4
12_116,Healthy,0.905577029,0,0,0,1,0,0,0,0,0,1,0,0,0,0,0,0,1,0,0,0,0,0,0,1,0,53355.98,0,0,0,0,1315.7,1954.23,3
12_117,WL,3.404167526,1,0,0,0,0,0,0,0,1,0,0,0,0,0,1,0,0,0,0,0,0,0,0,0,1,55014.81,3099.22,0,0,0,6.84e+08,4637.46,4
12_118,WL,0,1,0,0,0,0,0,0,0,1,0,0,0,0,0,1,0,0,0,0,0,0,0,0,0,1,26059.64,0,0,0,0,250663.15,2993.55,3
12_119,Healthy,0,1,0,0,0,0,0,0,0,0,1,0,0,0,0,0,0,1,0,0,0,0,1,0,0,0,157999.62,8302.13,0,3279.66,0,8621.75,9642.87,5
12_12,Healthy,0,1,0,0,0,0,0,0,0,1,0,1,0,0,0,0,0,1,0,0,0,0,1,0,0,0,0,0,0,0,0,5643.91,3878.34,2
12_120,Healthy,0,1,0,0,0,0,0,0,0,0,1,0,0,0,0,0,0,1,0,0,0,0,1,0,0,0,34151.3,0,0,3917.37,0,98922.55,2533.2,4
12_121,WL,5.389982111,1,0,0,0,0,0,0,1,0,0,0,0,0,0,1,0,0,0,0,0,0,1,0,0,0,17388.57,5067.18,0,0,230356.48,1100000,1280000,5
12_122,Healthy,4.267515924,1,0,0,0,0,0,0,0,0,1,0,0,0,0,0,0,1,0,0,0,0,0,0,1,0,20827.82,17450.78,79109.02,0,0,3.62e+08,19800000,5
12_123,WL,1.305743846,1,0,0,0,0,0,0,0,0,1,0,0,0,0,1,0,0,0,0,0,0,1,0,0,0,53285.62,0,6077.56,0,0,30600000,47500000,4
12_124,WL,0.218880286,1,0,0,0,0,0,0,0,0,1,0,0,0,0,1,0,0,0,0,0,0,1,0,0,0,32136.88,1056.27,0,0,0,210404.11,258615.63,4
12_125,WL,2.190152801,1,0,0,0,0,0,0,0,0,1,0,0,0,0,1,0,0,0,0,0,0,1,0,0,0,12861.38,2491.78,0,0,0,60230.08,123789.65,4
12_126,WL,2.474022761,1,0,0,0,0,0,0,0,0,1,0,0,0,0,1,0,0,0,0,0,0,1,0,0,0,126179.66,2200.59,0,0,0,53900000,1.81e+08,4
12_127,Healthy,30.82991803,1,0,0,0,0,0,0,0,0,1,0,0,0,0,0,0,1,0,0,0,0,0,0,1,0,15822.12,0,11909.37,0,0,5.95e+08,46100000,4
12_128,Healthy,5.658031088,1,0,0,0,0,0,0,0,0,1,0,0,0,0,0,0,1,0,0,0,0,0,0,1,0,9240.6,0,0,0,0,58945.43,5126.3,3
12_129,Healthy,2.312556459,1,0,0,0,0,0,0,0,0,1,0,0,0,0,0,0,1,0,0,0,0,0,0,1,0,2082.03,0,0,0,0,10047.26,3286.97,3
12_13,Healthy,3.476275057,1,0,0,0,0,0,0,0,0,1,0,0,0,0,0,0,1,0,0,0,0,0,0,1,0,0,0,0,0,0,1130000,38111.68,2
12_130,Healthy,2.402040816,1,0,0,0,0,0,0,0,0,1,0,0,0,0,0,0,1,0,0,0,0,0,0,1,0,7690.88,0,0,0,0,56460.96,4612.01,3
12_131,WL,6.378737542,1,0,0,0,0,0,0,0,1,0,0,0,0,0,0,1,0,0,0,0,0,1,0,0,0,20112.14,0,227675.98,0,0,5110000,4.44e+08,4
12_132,WL,7.911239749,1,0,0,0,0,0,0,0,1,0,0,0,0,0,0,1,0,0,0,0,0,1,0,0,0,2242.89,0,0,0,0,1850000,1780000,3
12_133,WL,5.263378804,1,0,0,0,0,0,0,0,1,0,0,0,0,0,0,1,0,0,0,0,0,1,0,0,0,23036.63,0,212573.52,0,0,1.5e+08,1.36e+09,4
12_134,WL,1.18501307,1,0,0,0,0,0,0,0,1,0,0,0,0,0,0,1,0,0,0,0,0,1,0,0,0,3970.84,0,0,0,0,3640000,62600000,3
12_135,Healthy,0,1,0,0,0,0,0,0,0,0,1,0,0,0,0,0,0,1,0,0,0,0,0,1,0,0,0,0,0,0,0,16002.91,28782.18,2
12_136,Healthy,2.40182218,1,0,0,0,0,0,0,0,0,1,0,0,0,0,0,0,1,0,0,0,0,0,1,0,0,8664.06,0,3007.84,0,0,0,3063.19,3
12_137,Healthy,2.927622662,1,0,0,0,0,0,0,0,0,1,0,0,0,0,0,0,1,0,0,0,0,0,1,0,0,4362.89,0,0,0,0,5781.12,12967.23,3
12_138,Healthy,0,1,0,0,0,0,0,0,0,0,1,0,0,0,0,0,0,1,0,0,0,0,0,1,0,0,21723.71,0,0,0,0,27680.13,22211.56,3
12_139,WL,4.67222021,0,0,0,0,1,0,0,0,1,0,0,0,0,0,0,1,0,0,0,0,0,1,0,0,0,40037.56,0,0,3234.61,0,18001.34,579409.38,4
12_14,WL,0,1,0,0,0,0,0,0,0,0,1,0,0,0,0,0,0,1,0,0,0,0,0,0,1,0,1639.85,0,0,0,0,13600000,856684.5,3
12_140,WL,0.9910086,0,0,0,0,1,0,0,0,1,0,0,0,0,0,0,1,0,0,0,0,0,1,0,0,0,71867.52,0,0,5557.26,0,9741.55,30322.11,4
12_141,Healthy,2.476340694,0,0,0,0,1,0,0,0,1,0,0,0,0,0,1,0,0,0,0,0,0,1,0,0,0,2497.68,0,0,0,12100000,0,8944.9,3
12_142,Healthy,2.750554547,0,0,0,0,1,0,0,0,1,0,0,0,0,0,1,0,0,0,0,0,0,1,0,0,0,0,0,0,0,0,22215.13,10032.37,2
12_143,WL,20,1,0,0,0,0,0,0,0,1,0,0,0,0,0,0,0,1,0,0,0,0,1,0,0,0,39017.35,0,0,0,0,2890000,28710.33,3
12_144,WL,14.28571429,1,0,0,0,0,0,0,0,1,0,0,0,0,0,0,0,1,0,0,0,0,1,0,0,0,36523.26,0,0,0,0,1340000,3110000,3
12_145,Healthy,1.031800191,1,0,0,0,0,0,0,0,0,1,0,0,0,0,0,0,1,0,0,0,0,1,0,0,0,6938.97,0,0,8093.27,0,5890000,457444.64,4
12_146,Healthy,0,1,0,0,0,0,0,0,0,0,1,0,0,0,0,0,0,1,0,0,0,0,1,0,0,0,2308.19,0,0,0,0,0,3443.88,2
12_147,WL,1.287553648,1,0,0,0,0,0,0,0,0,0,0,1,0,0,1,0,0,0,0,0,0,1,0,0,0,32721.83,0,0,0,0,1.9e+09,1.64e+09,3
12_148,WL,2.879719052,1,0,0,0,0,0,0,0,0,0,0,1,0,0,1,0,0,0,0,0,0,1,0,0,0,20976.26,0,0,0,0,0,2230000,2
12_149,Healthy,0,1,0,0,0,0,0,0,0,0,1,0,0,0,0,0,0,1,0,0,0,0,1,0,0,0,11352.17,0,0,0,0,13807.9,87819.06,3
12_15,Healthy,0.385426076,1,0,0,0,0,0,0,0,1,0,0,0,0,0,0,0,1,0,0,0,0,0,1,0,0,0,0,0,0,0,2317.94,7552.61,2
12_150,Healthy,0,1,0,0,0,0,0,0,0,0,1,0,0,0,0,0,0,1,0,0,0,0,1,0,0,0,0,0,0,0,0,6971.05,4355.07,2
12_16,WL,1.42074364,1,0,0,0,0,0,0,0,1,0,0,0,0,0,0,0,1,0,0,0,0,0,1,0,0,0,0,0,0,72096.56,2769.67,54400000,3
12_17,WL,1.916001388,1,0,0,0,0,0,0,0,0,0,0,1,0,0,0,0,0,1,0,0,0,1,0,0,0,16122.5,0,0,7871.83,0,8686.07,8033.9,4
12_18,Healthy,1.35678392,1,0,0,0,0,0,0,0,0,0,0,1,0,0,0,0,0,1,0,0,0,1,0,0,0,1940.38,0,0,10501.04,0,1205.14,17867.57,4
12_19,Healthy,0,0,0,0,0,1,0,0,0,0,1,0,0,0,0,0,0,1,0,0,0,0,0,0,1,0,1104.67,0,0,0,2.24e+08,1805.39,2708.65,4
12_2,WL,0,1,0,0,0,0,0,0,1,0,0,0,0,0,0,0,1,0,0,0,0,0,1,0,0,0,3778.96,0,0,0,0,3570000,663128.66,3
12_20,WL,1.220680958,0,0,0,0,1,0,0,0,0,1,0,0,0,0,0,0,1,0,0,0,0,0,0,1,0,5242.31,26220.13,0,0,0,3.77e+08,1.44e+09,4
12_21,Healthy,6.574172892,1,0,0,0,0,0,0,1,0,0,0,0,0,0,1,0,0,0,0,0,0,1,0,0,0,0,0,0,1332.34,0,0,8.3e+07,2
12_22,WL,3.954455879,1,0,0,0,0,0,0,1,0,0,0,0,0,0,1,0,0,0,0,0,0,1,0,0,0,4861.24,0,0,3834.39,0,10055.36,10222.24,4
12_23,Healthy,0,1,0,0,0,0,0,0,0,1,0,0,0,0,0,0,0,1,0,0,0,0,1,0,0,0,38161.32,0,0,0,0,20225.12,58737.39,3
12_24,WL,3.388429752,1,0,0,0,0,0,0,0,1,0,0,0,0,0,0,0,1,0,0,0,0,1,0,0,0,12996.62,0,0,0,0,3245.55,10733.12,3
12_25,Healthy,7.574686797,1,0,0,0,0,0,0,0,0,0,0,1,0,0,1,0,0,0,0,0,0,1,0,0,0,9842.97,9972.46,0,0,0,348976.98,125060.5,4
12_26,WL,3.151790217,1,0,0,0,0,0,0,0,0,0,0,1,0,0,1,0,0,0,0,0,0,1,0,0,0,7867.95,7021.62,0,0,0,1.08e+09,1.66e+09,4
12_27,Healthy,0,1,0,0,0,0,0,0,0,0,1,0,0,0,0,1,0,0,0,0,0,0,0,0,1,0,0,0,0,0,0,0,1018.75,1
12_28,WL,4.6484375,1,0,0,0,0,0,0,0,0,1,0,0,0,0,1,0,0,0,0,0,0,0,0,1,0,0,0,0,0,10400000,0,3393.08,2
12_29,WL,0,1,0,0,0,0,0,0,0,1,0,0,0,0,0,0,0,1,0,0,0,0,0,1,0,0,0,0,0,0,0,15293.67,26543.82,2
12_3,Healthy,0,1,0,0,0,0,0,0,0,0,1,0,0,0,0,0,0,1,0,0,0,0,0,0,1,0,36049.36,0,0,0,0,10550.29,8904.63,3
12_30,Healthy,2.802112457,1,0,0,0,0,0,0,0,1,0,0,0,0,0,0,0,1,0,0,0,0,0,1,0,0,1254.34,0,0,0,0,692477.66,9025.77,3
12_31,WL,11.66243194,1,0,0,0,0,0,0,0,1,1,0,0,0,0,0,1,0,0,0,0,0,0,1,1,0,1255.45,2786.91,0,5698.97,0,102018.9,16403.44,5
12_32,WL,36.21331545,1,0,0,0,0,0,0,0,1,1,0,0,0,0,0,1,0,0,0,0,0,0,1,1,0,2273.03,0,0,2958.8,0,4790000,545726.92,4
12_33,Healthy,1.160639193,1,0,0,0,0,0,0,0,1,1,0,0,0,0,0,1,0,0,0,0,0,0,1,1,0,2500.73,0,0,14796.73,34009.99,289968.33,22246.37,5
12_34,Healthy,0,1,0,0,0,0,0,0,0,1,1,0,0,0,0,0,1,0,0,0,0,0,0,1,1,0,0,0,0,1038.1,0,0,0,1
12_35,WL,0.293676313,1,0,0,0,0,0,0,0,1,0,0,0,0,0,0,0,1,0,0,0,0,1,0,0,0,76906.1,0,0,0,103578.21,157391.6,1773.21,4
12_36,WL,0.246322272,1,0,0,0,0,0,0,0,1,0,0,0,0,0,0,0,1,0,0,0,0,1,0,0,0,271463.09,0,0,0,328670.09,24742.13,0,3
12_37,Healthy,18.29300484,1,0,0,0,0,0,0,0,1,0,0,0,0,0,0,0,1,0,0,0,0,1,0,0,0,11953.59,0,0,0,252761.5,17186.42,11473.18,4
12_38,Healthy,2.75210084,1,0,0,0,0,0,0,0,1,0,0,0,0,0,0,0,1,0,0,0,0,1,0,0,0,27193.7,3093.18,0,0,0,1.14e+08,815226.5,4
12_39,Healthy,2.846685645,1,0,0,0,0,0,0,0,0,1,0,0,0,1,0,0,1,0,0,0,0,0,1,0,1,97644.78,2646.32,0,0,0,6830000,29400000,4
12_4,WL,2.75210084,1,0,0,0,0,0,0,0,0,1,0,0,0,0,0,0,1,0,0,0,0,0,0,1,0,2959.46,0,0,0,98585.15,265281.58,2090000,4
12_40,Healthy,9.631715771,1,0,0,0,0,0,0,0,0,1,0,0,0,1,0,0,1,0,0,0,0,0,1,0,1,11682.38,0,0,1337.47,0,1885.13,12375.04,4
12_41,WL,36.21331545,1,0,0,0,0,0,0,0,0,1,0,0,0,1,0,0,1,0,0,0,0,0,1,0,1,13121.6,424189.28,0,0,0,5.84e+08,1.27e+09,4
12_42,WL,0,1,0,0,0,0,0,0,0,0,1,0,0,0,1,0,0,1,0,0,0,0,0,1,0,1,7459.86,0,0,0,0,83244.45,59737.81,3
12_43,Healthy,0,0,0,1,0,0,0,0,0,1,0,0,1,0,0,0,0,0,0,1,0,0,1,0,0,0,8314.66,0,0,0,0,6450000,20057.61,3
12_44,Healthy,3.215258856,0,0,1,0,0,0,0,0,1,0,0,1,0,0,0,0,0,0,1,0,0,1,0,0,0,3831.32,0,1688.3,1510.64,0,679051.53,29943.83,5
12_45,WL,0,0,0,1,0,0,0,0,0,1,0,0,1,0,0,0,0,0,0,1,0,0,1,0,0,0,5522.55,0,1359.07,0,0,8.18e+08,1.69e+09,4
12_46,WL,1.475409836,0,0,1,0,0,0,0,0,1,0,0,1,0,0,0,0,0,0,1,0,0,1,0,0,0,8783.87,0,2288.82,0,0,15900000,924764.19,4
12_47,Healthy,5.01984127,0,0,0,0,1,0,0,0,0,1,0,0,0,0,0,0,1,0,0,0,0,1,0,0,0,2997.18,1666.85,0,7586.36,0,702570.97,68061.46,5
12_48,Healthy,3.481822837,0,0,0,0,1,0,0,0,0,1,0,0,0,0,0,0,1,0,0,0,0,1,0,0,0,5021.99,66975.57,63762.09,0,0,2.62e+08,1.3e+09,5
12_49,WL,6.326383896,0,0,0,0,1,0,0,0,0,1,0,0,0,0,0,0,1,0,0,0,0,1,0,0,0,3920.71,33811.43,0,0,0,16300000,10900000,4
12_5,Healthy,0.246322272,0,1,0,0,0,0,0,0,1,0,0,0,0,0,1,0,0,0,0,0,0,1,0,0,0,0,0,0,0,0,140083.07,383937.05,2
12_50,WL,11.71953255,0,0,0,0,1,0,0,0,0,1,0,0,0,0,0,0,1,0,0,0,0,1,0,0,0,5750.62,275658.42,18001.41,0,0,3.86e+08,2.15e+08,5
12_51,Healthy,0.983949756,0,1,0,0,0,0,0,0,0,1,0,0,0,0,0,0,1,0,0,0,0,0,0,1,0,0,0,0,0,94700000,2647.55,0,2
12_52,WL,7.090475157,0,1,0,0,0,0,0,0,0,1,0,0,0,0,0,0,1,0,0,0,0,0,0,1,0,1502.24,0,0,0,3.75e+08,8927.75,3773.55,4
12_53,Healthy,7.337142857,1,0,0,0,0,0,0,0,0,1,0,0,0,0,0,0,1,0,0,0,0,0,0,1,0,5032.48,0,0,0,0,86273.4,0,2
12_54,WL,0.514191691,1,0,0,0,0,0,0,0,0,1,0,0,0,0,0,0,1,0,0,0,0,0,0,1,0,9946.02,0,0,0,0,1475.96,0,2
12_55,WL,1.238198421,1,0,0,0,0,0,0,0,0,1,0,0,0,0,0,0,1,0,0,0,0,0,0,1,0,11673.48,0,0,0,0,304364.23,0,2
12_56,Healthy,0.43251305,1,0,0,0,0,0,0,0,0,1,0,0,0,0,0,0,1,0,0,0,0,0,0,1,0,11057.46,4175.87,0,0,0,482556.78,3290.45,4
12_57,WL,8.887458151,0,0,0,1,0,0,0,0,0,1,0,0,0,0,0,0,1,0,0,0,0,1,0,0,0,1735.7,0,0,1707.38,0,2.81e+09,43700000,4
12_58,Healthy,5.389982111,0,0,0,1,0,0,0,0,0,1,0,0,0,0,0,0,1,0,0,0,0,1,0,0,0,0,0,0,0,158533.31,138001.36,115976.8,3
12_59,WL,0,1,0,0,0,0,0,0,1,0,0,0,0,0,0,0,0,1,0,0,0,0,0,1,0,0,46126.17,0,0,0,0,4.15e+08,16173.31,3
12_6,WL,0.773722628,0,1,0,0,0,0,0,0,1,0,0,0,0,0,1,0,0,0,0,0,0,1,0,0,0,0,0,1270000,0,0,44400000,8.85e+09,3
12_60,Healthy,4.188018433,1,0,0,0,0,0,0,1,0,0,0,0,0,0,0,0,1,0,0,0,0,0,1,0,0,13692.97,0,0,0,82322.82,7.22e+08,478751.64,4
12_61,Healthy,0.603661554,1,0,0,0,0,0,0,0,1,0,0,0,0,0,0,1,0,0,0,0,0,1,0,0,0,6075.17,0,0,0,0,55706.61,364389.08,3
12_62,WL,1.287553648,1,0,0,0,0,0,0,0,1,0,0,0,0,0,0,1,0,0,0,0,0,1,0,0,0,4811.38,0,0,0,0,1160000,0,2
12_63,Healthy,6.261343013,1,0,0,0,0,0,0,0,1,0,0,0,0,0,0,0,1,0,0,0,0,0,1,1,0,2146.45,0,0,0,0,5692.36,0,2
12_64,WL,1.991193738,1,0,0,0,0,0,0,0,1,0,0,0,0,0,0,0,1,0,0,0,0,0,1,1,0,0,0,29195.64,0,0,35600000,0,2
12_65,WL,4.188018433,1,0,0,0,0,0,0,0,0,1,0,0,0,0,1,0,0,0,0,0,0,1,0,0,0,2004.57,21405.71,2673.97,0,0,75700000,4990000,5
12_66,Healthy,4.27019367,1,0,0,0,0,0,0,0,0,1,0,0,0,0,1,0,0,0,0,0,0,1,0,0,0,9254.94,0,0,0,0,4317.17,0,2
12_67,Healthy,0,0,0,0,1,0,0,0,0,1,0,0,0,0,0,1,0,0,0,0,0,0,0,1,0,0,1587.84,0,0,2177.96,0,7.15e+09,138285.44,4
12_68,WL,1.210434783,0,0,0,1,0,0,0,0,1,0,0,0,0,0,1,0,0,0,0,0,0,0,1,0,0,0,0,0,0,0,4520000,486810.06,2
12_69,Healthy,1.305743846,1,0,0,0,0,0,0,0,0,1,0,0,0,0,0,0,1,0,0,0,0,0,0,1,0,2572.53,0,0,0,0,38260.82,1424.73,3
12_7,Healthy,2.846685645,0,0,0,0,1,0,0,1,0,0,0,0,0,0,1,0,0,0,0,0,0,1,0,0,0,1700.82,0,0,0,0,8178.13,27347.21,3
12_70,Healthy,6.261343013,1,0,0,0,0,0,0,0,0,1,0,0,0,0,0,0,1,0,0,0,0,0,0,1,0,1558.84,0,0,0,0,0,451149.27,2
12_71,WL,4.27019367,1,0,0,0,0,0,0,0,0,1,0,0,0,0,0,0,1,0,0,0,0,0,0,1,0,2512.22,0,0,0,0,33900000,4570000,3
12_72,WL,11.66243194,1,0,0,0,0,0,0,0,0,1,0,0,0,0,0,0,1,0,0,0,0,0,0,1,0,0,0,0,0,0,26604.32,330082.39,2
12_73,WL,4.291187739,1,0,0,0,0,0,0,0,0,1,0,0,1,0,0,0,0,0,0,1,0,1,0,0,0,4089.12,0,0,0,0,1.37e+08,2e+07,3
12_74,Healthy,0.603661554,1,0,0,0,0,0,0,0,0,1,0,0,1,0,0,0,0,0,0,1,0,1,0,0,0,0,0,0,0,0,16201.58,9740.25,2
12_75,WL,9.416342412,1,0,0,0,0,0,0,0,0,1,0,0,1,0,0,0,0,0,0,1,0,1,0,0,0,2008.83,0,0,0,0,37722.82,0,2
12_76,Healthy,0.722499458,1,0,0,0,0,0,0,0,0,1,0,0,1,0,0,0,0,0,0,1,0,1,0,0,0,2676.81,0,4116.75,0,0,10904.84,0,3
12_77,WL,9.747003995,0,0,1,0,0,0,0,0,0,1,0,0,0,0,0,0,1,0,0,0,0,0,0,1,0,5790.53,45661.76,0,0,0,5.53e+09,40900000,4
12_78,Healthy,0.486555698,0,0,1,0,0,0,0,0,0,1,0,0,0,0,0,0,1,0,0,0,0,0,0,1,0,0,0,0,20765.32,0,294139.8,1270000,3
12_79,Healthy,2.874951305,0,0,1,0,0,0,0,0,0,1,0,0,0,0,0,0,1,0,0,0,0,0,0,1,0,1410.05,0,0,0,0,312595.38,186684.11,3
12_8,WL,9.631715771,0,0,0,0,1,0,0,1,0,0,0,0,0,0,1,0,0,0,0,0,0,1,0,0,0,15285.5,0,0,0,0,32666.12,11632.68,3
12_80,WL,22.16350124,0,0,1,0,0,0,0,0,0,1,0,0,0,0,0,0,1,0,0,0,0,0,0,1,0,1219.84,0,0,0,0,53970.49,396259.14,3
12_81,WL,8.968944099,1,0,0,0,0,0,0,0,0,1,0,0,0,0,0,0,1,0,0,0,0,0,0,1,0,10485.01,0,0,0,0,2.66e+08,41600000,3
12_82,WL,4.087591241,1,0,0,0,0,0,0,0,0,1,0,0,0,0,0,0,1,0,0,0,0,0,0,1,0,11117.51,26526.42,3972.5,0,0,6.79e+08,4670000,5
12_83,Healthy,0.905172414,1,0,0,0,0,0,0,0,0,1,0,0,0,0,0,0,1,0,0,0,0,0,0,1,0,10770.18,0,0,0,0,13113.62,14754.19,3
12_84,Healthy,2.635938063,1,0,0,0,0,0,0,0,0,1,0,0,0,0,0,0,1,0,0,0,0,0,0,1,0,2510.24,0,0,0,0,623609,3379.5,3
12_85,Healthy,2.750554547,1,0,0,0,0,0,0,0,1,0,0,0,0,0,0,0,1,0,0,0,0,0,1,0,0,42160.51,0,0,3932.38,0,1690000,2380000,4
12_86,WL,7.911239749,1,0,0,0,0,0,0,0,1,0,0,0,0,0,0,0,1,0,0,0,0,0,1,0,0,4414.96,0,0,0,0,2130000,63968.78,3
12_87,Healthy,7.420612813,1,0,0,0,0,0,0,0,1,0,0,0,1,0,1,0,0,0,0,0,0,0,1,0,0,22462.76,44207.66,0,0,0,34700000,1.55e+09,4
12_88,WL,1.492178099,1,0,0,0,0,0,0,0,1,0,0,0,1,0,1,0,0,0,0,0,0,0,1,0,0,23093.07,1908.06,0,0,0,418032.58,319823.41,4
12_89,WL,0.293676313,1,0,0,0,0,0,0,0,1,1,0,0,0,0,0,0,1,0,0,0,0,0,0,1,0,33403.19,0,0,0,122311.42,9852.42,3157.1,4
12_9,WL,0,0,1,0,0,0,0,0,0,1,0,0,0,0,0,1,0,0,0,0,0,0,0,1,0,0,6686.06,0,0,0,0,1.88e+09,1.22e+08,3
12_90,Healthy,1.089808274,1,0,0,0,0,0,0,0,1,1,0,0,0,0,0,0,1,0,0,0,0,0,0,1,0,10437.08,0,0,0,117277.94,18166.85,2326.43,4
12_91,WL,7.420612813,1,0,0,0,0,0,0,0,1,1,0,0,0,0,1,0,0,0,0,0,0,1,0,0,0,50311.36,15073.56,40508.97,0,0,1.1e+09,2150000,5
12_92,WL,0,1,0,0,0,0,0,0,0,1,1,0,0,0,0,1,0,0,0,0,0,0,1,0,0,0,140971.61,1749.79,0,0,0,5.21e+09,1790000,4
12_93,WL,1.492178099,1,0,0,0,0,0,0,0,1,1,0,0,0,0,1,0,0,0,0,0,0,1,0,0,0,130619.93,0,0,0,0,7.59e+08,12125.41,3
12_94,Healthy,0.350346021,1,0,0,0,0,0,0,0,1,0,0,0,0,0,0,0,1,0,0,0,0,0,1,0,0,38742.47,0,0,2716,0,977673.5,3.1e+08,4
12_95,Healthy,9.585348998,1,0,0,0,0,0,0,0,1,0,0,0,0,0,0,0,1,0,0,0,0,0,1,0,0,42484.32,0,0,1468.66,0,29363.84,3703.07,4
12_96,Healthy,10.86790045,1,0,0,0,0,0,0,0,1,0,0,0,0,0,0,0,1,0,0,0,0,0,1,0,0,82276.77,0,0,0,0,5.09e+08,0,2
12_97,WL,0.983949756,0,0,1,0,0,0,0,1,0,0,0,0,0,0,1,0,0,0,0,0,0,1,0,0,0,80209.59,0,0,0,0,2.12e+08,7.71e+08,3
12_98,WL,7.090475157,0,0,1,0,0,0,0,1,0,0,0,0,0,0,1,0,0,0,0,0,0,1,0,0,0,130848.79,0,0,0,0,17100000,2680000,3
12_99,WL,2.476340694,0,0,1,0,0,0,0,1,0,0,0,0,0,0,1,0,0,0,0,0,0,1,0,0,0,62737.09,0,0,0,0,1.28e+09,2.99e+08,3
13_1,Healthy,0.284697509,1,0,0,0,0,0,0,0,1,1,0,0,0,0,0,0,1,0,0,0,0,0,0,1,0,16525.86,0,0,0,126502.47,256536.89,1233.25,4
13_10,Healthy,0,0,1,0,0,0,0,0,0,1,0,0,0,0,0,0,0,1,0,0,0,0,1,0,0,0,0,0,0,0,0,1852.54,45940.88,2
13_100,Healthy,0,1,0,0,0,0,0,0,0,1,1,0,0,0,0,0,0,0,0,0,1,0,0,0,1,0,2852.2,0,0,0,0,0,6466.42,2
13_101,Healthy,0,1,0,0,0,0,0,0,0,1,1,0,0,0,0,0,0,0,0,0,1,0,0,0,1,0,2556.3,0,0,0,0,1220.91,3523.77,3
13_102,WL,0,1,0,0,0,0,0,0,0,1,1,0,0,0,0,0,0,0,0,0,1,0,0,0,1,0,21047.4,0,0,0,0,1534.52,2297.35,3
13_103,WL,6.110260337,1,0,0,0,0,0,0,0,1,1,0,0,0,0,0,0,0,0,0,1,0,0,0,1,0,15375.26,0,0,0,69900000,7980000,3.07e+09,4
13_104,Healthy,0.490162237,1,0,0,0,0,0,0,0,1,1,0,0,0,0,0,0,0,0,0,1,0,0,0,1,0,10502.89,0,0,0,5.1e+07,1670000,13221.93,4
13_105,WL,2.219863533,1,0,0,0,0,0,0,0,0,1,0,0,0,0,0,1,0,0,0,0,0,1,0,0,0,8189.93,0,0,0,0,0,2561.62,2
13_106,Healthy,0.318532819,1,0,0,0,0,0,0,0,0,1,0,0,0,0,0,1,0,0,0,0,0,1,0,0,0,4050.61,0,0,0,0,8588.38,3240.42,3
13_107,WL,2.151793161,1,0,0,0,0,0,0,0,0,1,0,0,0,0,0,1,0,0,0,0,0,1,0,0,0,53149.16,0,0,0,0,15100000,24067.79,3
13_108,Healthy,1.900326036,1,0,0,0,0,0,0,0,0,1,0,0,0,0,0,1,0,0,0,0,0,1,0,0,0,14759.74,2651.7,0,0,0,1805.99,3303.38,4
13_109,Healthy,0,1,0,0,0,0,0,0,0,1,0,0,0,0,0,0,0,1,0,0,0,0,0,1,0,0,18218.15,0,0,0,0,0,0,1
13_11,Healthy,4.805393809,1,0,0,0,0,0,0,1,0,0,0,0,0,0,1,0,0,0,0,0,0,1,0,0,0,0,0,0,0,0,1.11e+08,3.97e+08,2
13_110,WL,0.3,1,0,0,0,0,0,0,0,1,0,0,0,0,0,0,0,1,0,0,0,0,0,1,0,0,18994.85,0,1824.57,0,0,107399.7,31382.45,4
13_111,Healthy,0.549189189,1,0,0,0,0,0,0,0,1,1,0,0,0,0,1,0,0,0,0,0,0,0,0,1,0,0,0,0,0,0,2198.32,1471.99,2
13_112,WL,2.261355356,1,0,0,0,0,0,0,0,1,1,0,0,0,0,1,0,0,0,0,0,0,0,0,1,0,0,0,0,0,0,1170000,1019.54,2
13_113,WL,16.4870148,0,0,0,0,0,1,0,1,0,0,0,0,0,0,1,0,0,0,0,0,0,1,0,0,0,12589.3,0,6077.31,0,0,3.78e+09,5.13e+08,4
13_114,WL,6.605465414,0,0,0,0,0,1,0,1,0,0,0,0,0,0,1,0,0,0,0,0,0,1,0,0,0,2874.16,0,0,0,83642.13,24800000,14672.45,4
13_115,WL,4.491032477,0,0,0,0,0,1,0,1,0,0,0,0,0,0,1,0,0,0,0,0,0,1,0,0,0,11674.97,0,0,2972.56,0,0,5274.39,3
13_116,Healthy,0.307692308,1,0,0,0,0,0,0,0,0,1,0,0,0,0,0,0,1,0,0,0,0,1,0,0,0,0,0,0,0,0,0,2275.8,1
13_117,Healthy,0,1,0,0,0,0,0,0,0,0,1,0,0,0,0,0,0,1,0,0,0,0,1,0,0,0,6014.98,0,0,0,0,0,0,1
13_118,Healthy,1.55993118,1,0,0,0,0,0,0,0,0,1,0,0,0,0,0,0,1,0,0,0,0,1,0,0,0,7013.18,0,0,0,0,0,0,1
13_119,WL,0.85860575,0,0,0,0,1,0,0,0,0,1,0,0,0,0,1,0,0,0,0,0,0,1,0,0,0,45883.34,0,0,0,0,20509.49,13210.94,3
13_12,WL,2.331439103,1,0,0,0,0,0,0,1,0,0,0,0,0,0,1,0,0,0,0,0,0,1,0,0,0,3125.54,0,0,0,0,10800000,52522.87,3
13_120,WL,1.753744976,0,0,0,0,1,0,0,0,0,1,0,0,0,0,1,0,0,0,0,0,0,1,0,0,0,28577.73,0,0,0,0,21205.73,15465.19,3
13_121,WL,7.878787879,0,0,0,0,1,0,0,0,0,1,0,0,0,0,1,0,0,0,0,0,0,1,0,0,0,11517.32,0,0,0,0,46400000,24298.97,3
13_122,Healthy,0,1,0,0,0,0,0,0,0,0,1,0,0,0,0,0,0,1,0,0,0,0,1,0,0,0,13069.56,0,0,0,0,1210000,0,2
13_123,Healthy,0.314063369,1,0,0,0,0,0,0,0,0,1,0,0,0,0,0,0,1,0,0,0,0,1,0,0,0,6516.44,0,0,0,0,2282.03,0,2
13_124,Healthy,0.331910858,1,0,0,0,0,0,0,0,0,1,0,0,0,0,0,0,1,0,0,0,0,1,0,0,0,4656.08,0,0,0,0,0,0,1
13_125,WL,0.523047977,1,0,0,0,0,0,0,0,0,1,0,0,0,0,1,0,0,0,0,0,0,1,0,0,0,0,0,0,0,0,555377.52,16276.39,2
13_126,WL,1.601750547,1,0,0,0,0,0,0,0,0,1,0,0,0,0,1,0,0,0,0,0,0,1,0,0,0,6405.47,0,0,0,0,109095.51,110393.94,3
13_127,WL,0.490322581,1,0,0,0,0,0,0,0,0,1,0,0,0,0,1,0,0,0,0,0,0,1,0,0,0,12287.09,0,0,0,0,33777.27,24488.01,3
13_128,Healthy,11.2,1,0,0,0,0,0,0,0,0,1,0,0,0,0,1,0,0,0,0,0,0,0,0,1,0,0,2602.86,0,0,0,1220000,87154.09,3
13_129,Healthy,4.246221895,1,0,0,0,0,0,0,0,0,1,0,0,0,0,1,0,0,0,0,0,0,0,0,1,0,9593.91,0,0,0,0,0,0,1
13_13,WL,1.479214486,1,0,0,0,0,0,0,0,0,1,0,0,0,0,0,0,1,0,0,0,0,0,0,1,0,0,0,0,0,0,0,0,0
13_130,Healthy,0.661111111,1,0,0,0,0,0,0,0,0,1,0,0,0,0,1,0,0,0,0,0,0,0,0,1,0,15701.36,0,0,0,0,0,0,1
13_131,WL,5.428466348,0,1,0,0,0,0,0,1,0,0,0,0,0,0,1,0,0,0,0,0,0,1,0,0,0,30150.85,0,0,0,0,2.56e+09,14114.25,3
13_132,WL,4.605678233,0,1,0,0,0,0,0,1,0,0,0,0,0,0,1,0,0,0,0,0,0,1,0,0,0,15975.92,0,0,0,0,105631.5,373672.41,3
13_133,Healthy,0,1,0,0,0,0,0,0,0,0,1,0,0,0,0,0,0,1,0,0,0,0,1,0,0,0,4557.22,0,0,0,0,19302.58,1272.92,3
13_134,Healthy,0,1,0,0,0,0,0,0,0,0,1,0,0,0,0,0,0,1,0,0,0,0,1,0,0,0,5517.79,0,0,0,0,3023.59,0,2
13_135,WL,5.097345133,1,0,0,0,0,0,0,1,0,0,0,0,0,0,0,0,1,0,0,0,0,1,0,0,0,4460.33,0,0,0,0,12070.98,1.84e+09,3
13_136,WL,1.334100058,1,0,0,0,0,0,0,1,0,0,0,0,0,0,0,0,1,0,0,0,0,1,0,0,0,13062.18,0,0,0,0,1019.68,2.52e+09,3
13_137,Healthy,0.621052632,1,0,0,0,0,0,0,0,0,1,0,0,0,0,0,0,1,0,0,0,0,0,0,1,0,9423.98,0,0,0,0,0,6432.73,2
13_138,Healthy,5.581850824,1,0,0,0,0,0,0,0,0,1,0,0,0,0,0,0,1,0,0,0,0,0,0,1,0,15446.68,4980000,2406.87,0,0,66469.73,5180000,5
13_139,WL,10.16286645,1,0,0,0,0,0,0,0,0,1,0,0,0,0,0,1,0,0,0,0,0,1,0,0,0,17135.03,76483.01,7210.15,0,0,8.32e+08,3.98e+09,5
13_14,Healthy,0,1,0,0,0,0,0,0,0,0,1,0,0,0,0,0,0,1,0,0,0,0,0,0,1,0,0,0,0,0,0,0,0,0
13_140,WL,0.941644562,1,0,0,0,0,0,0,0,0,1,0,0,0,0,0,1,0,0,0,0,0,1,0,0,0,21091.33,2028.93,0,0,0,344288.14,4480000,4
13_141,WL,4.578034682,1,0,0,0,0,0,0,0,0,1,1,0,0,0,1,0,0,0,0,0,0,1,0,0,0,6246.59,0,0,0,0,19400000,70317.9,3
13_142,WL,3.200449186,1,0,0,0,0,0,0,0,1,1,0,0,0,0,1,0,0,0,0,0,0,1,0,0,0,0,0,0,0,0,7516.71,4125.61,2
13_143,WL,0.470196224,1,0,0,0,0,0,0,0,0,0,0,0,0,1,0,0,1,0,0,0,0,1,0,0,0,14277.21,0,0,0,0,11298.66,2799.53,3
13_144,Healthy,12.20591661,1,0,0,0,0,0,0,1,0,0,0,0,0,0,0,0,0,0,0,0,1,1,0,0,0,5183.02,2011.8,0,0,0,31600.04,0,3
13_145,Healthy,10.2524615,1,0,0,0,0,0,0,1,0,0,0,0,0,0,0,0,0,0,0,0,1,1,0,0,0,0,0,0,0,0,79862.34,170384.43,2
13_146,Healthy,0.321019108,1,0,0,0,0,0,0,0,0,1,0,0,0,1,0,0,1,0,0,0,0,0,1,0,0,16353.05,0,0,0,0,1367.4,0,2
13_147,Healthy,0,1,0,0,0,0,0,0,0,1,0,0,0,0,0,0,0,1,0,0,0,0,0,0,1,0,0,0,2039.41,0,0,8.32e+08,0,2
13_148,Healthy,5.210263721,1,0,0,0,0,0,0,0,0,1,0,0,0,0,0,0,1,0,0,0,0,1,0,0,0,0,0,0,0,0,19800000,30500000,2
13_149,Healthy,0.56812933,0,1,0,0,0,0,0,0,1,0,0,0,0,0,0,0,1,0,0,0,0,1,0,0,0,0,0,0,0,0,2541.88,0,1
13_15,Healthy,0.587560248,1,0,0,0,0,0,0,0,0,1,0,0,0,0,0,0,1,0,0,0,0,0,0,1,0,4868.62,0,0,0,0,8123.07,84589.2,3
13_150,Healthy,1.944714544,0,1,0,0,0,0,0,1,0,0,0,0,0,0,1,0,0,0,0,0,0,1,0,0,0,0,0,23300000,0,0,2.2e+09,76136.63,3
13_16,WL,7.108433735,1,0,0,0,0,0,0,0,0,1,0,0,0,0,0,0,1,0,0,0,0,0,0,1,0,33375.23,0,0,0,0,72500000,5.63e+08,3
13_17,Healthy,5.631578947,1,0,0,0,0,0,0,0,0,1,0,0,0,0,1,0,0,0,0,0,0,1,0,0,0,3829.33,0,0,0,27400000,5043.99,5690.49,4
13_18,WL,4.106292304,1,0,0,0,0,0,0,0,0,1,0,0,0,0,1,0,0,0,0,0,0,1,0,0,0,14861.07,0,0,0,81753.09,5431.56,16948.74,4
13_19,Healthy,0.524849048,0,0,0,0,1,0,0,1,0,0,0,0,0,0,1,0,0,0,0,0,0,1,0,0,0,20215.09,0,0,0,0,16997.72,2047.36,3
13_2,WL,0.329520697,1,0,0,0,0,0,0,0,1,1,0,0,0,0,0,0,1,0,0,0,0,0,0,1,0,9047.67,0,0,0,147747.75,612484.13,0,3
13_20,WL,0,0,0,0,0,1,0,0,1,0,0,0,0,0,0,1,0,0,0,0,0,0,1,0,0,0,10790.33,0,0,0,0,63289.89,99746.82,3
13_21,WL,12.61686747,1,0,0,0,0,0,0,0,1,0,0,0,0,0,1,0,0,0,0,0,0,0,1,0,0,20755.96,0,9350000,0,0,2.42e+08,0,3
13_22,Healthy,9.18931368,1,0,0,0,0,0,0,0,1,0,0,0,0,0,1,0,0,0,0,0,0,0,1,0,0,5871.39,0,0,0,0,94800000,0,2
13_23,Healthy,0.199425384,0,0,0,1,0,0,0,0,0,1,0,0,0,0,0,0,1,0,0,0,0,1,0,0,0,4363.25,0,0,0,0,38239.76,0,2
13_24,WL,1.167664671,0,0,0,1,0,0,0,0,0,1,0,0,0,0,0,0,1,0,0,0,0,1,0,0,0,1430.33,0,0,0,0,6259.47,0,2
13_25,Healthy,7.53722795,0,0,0,0,0,0,1,0,0,1,0,0,0,1,1,0,0,0,0,0,0,1,0,0,0,17845.96,0,0,0,0,810257.59,43436.1,3
13_26,WL,31.96695922,0,0,0,0,0,0,1,0,0,1,0,0,0,1,1,0,0,0,0,0,0,1,0,0,0,21042.15,94001.49,0,0,0,1.85e+09,4.22e+08,4
13_27,WL,1.257171364,1,0,0,0,0,0,0,0,1,0,0,0,0,0,0,0,1,0,0,0,0,0,0,1,0,19621.23,0,0,0,0,445061.58,38900000,3
13_28,Healthy,0.968150179,1,0,0,0,0,0,0,0,1,0,0,0,0,0,0,0,1,0,0,0,0,0,0,1,0,9660.32,0,0,0,302009.03,18930.38,1413.71,4
13_29,Healthy,0,1,0,0,0,0,0,0,0,0,1,0,0,0,1,0,0,1,0,0,0,0,0,1,0,0,6739.08,0,0,0,0,0,0,1
13_3,WL,0.56160209,1,0,0,0,0,0,0,0,1,0,0,0,0,0,0,1,1,0,0,0,0,1,0,0,0,1042.85,0,0,0,0,35088.94,0,2
13_30,WL,0.608974359,1,0,0,0,0,0,0,0,0,1,0,0,0,1,0,0,1,0,0,0,0,0,1,0,0,7775.24,0,0,0,0,0,0,1
13_31,Healthy,1.298543689,0,1,0,0,0,0,0,0,1,0,0,0,0,0,1,0,0,0,0,0,0,1,0,0,0,14696.55,0,0,0,0,10563.26,2908.68,3
13_32,WL,0.867093106,0,1,0,0,0,0,0,0,1,0,0,0,0,0,1,0,0,0,0,0,0,1,0,0,0,1552.3,0,0,0,0,6827.83,0,2
13_33,Healthy,0.756748323,1,0,0,0,0,0,0,0,1,1,0,0,0,0,1,0,0,0,0,0,0,0,1,0,0,0,0,0,0,0,5098.98,0,1
13_34,WL,0,1,0,0,0,0,0,0,0,1,1,0,0,0,0,1,0,0,0,0,0,0,0,1,0,0,0,0,0,0,0,1.48e+08,0,1
13_35,Healthy,4.175468851,1,0,0,0,0,0,0,0,1,0,0,0,0,0,0,0,1,0,0,0,0,0,1,0,0,50701.12,0,9018.8,0,0,5275.36,49753.2,4
13_36,WL,6.660059465,1,0,0,0,0,0,0,0,1,0,0,0,0,0,0,0,1,0,0,0,0,0,1,0,0,1710.37,0,0,0,0,29300000,2.15e+08,3
13_37,Healthy,0.295320309,1,0,0,0,0,0,0,0,1,1,0,0,0,0,1,0,0,0,0,0,0,0,1,1,0,5348.38,0,0,0,0,3048.3,0,2
13_38,WL,6.853902241,1,0,0,0,0,0,0,0,1,1,0,0,0,0,1,0,0,0,0,0,0,0,1,1,0,13197.77,0,0,0,0,3.3e+09,1.64e+08,3
13_39,Healthy,0.782726046,0,0,0,0,1,0,0,0,0,1,1,0,0,0,1,0,0,0,0,0,0,1,0,0,0,1709.35,0,0,0,0,14402.33,0,2
13_4,Healthy,0,1,0,0,0,0,0,0,0,1,0,0,0,0,0,0,1,1,0,0,0,0,1,0,0,0,3948.89,0,0,0,0,1030000,5000.19,3
13_40,WL,7.776777678,0,0,0,0,1,0,0,0,0,1,1,0,0,0,1,0,0,0,0,0,0,1,0,0,0,6677.35,0,0,0,0,53200000,0,2
13_41,Healthy,6.21014114,1,0,0,0,0,0,0,0,1,1,0,0,0,0,1,0,0,0,0,0,0,1,0,0,0,0,0,1470.41,0,0,785463.78,4420.26,3
13_42,WL,13.77690802,1,0,0,0,0,0,0,0,1,1,0,0,0,0,1,0,0,0,0,0,0,1,0,0,0,0,0,0,0,0,11600000,3450000,2
13_43,WL,1.662396812,1,0,0,0,0,0,0,0,1,1,0,0,0,0,0,0,1,0,0,0,0,0,1,1,0,5956.92,0,22754.61,0,0,108856.31,1710000,4
13_44,Healthy,0,1,0,0,0,0,0,0,0,1,1,0,0,0,0,0,0,1,0,0,0,0,0,1,1,0,8201.1,0,0,0,0,1608.49,59148.35,3
13_45,Healthy,3.050379572,1,0,0,0,0,0,0,0,1,1,0,0,0,0,0,0,1,0,0,0,0,0,1,1,0,10047.97,0,0,0,0,32779.6,49261.36,3
13_46,WL,0.532425941,1,0,0,0,0,0,0,0,1,1,0,0,0,0,0,0,1,0,0,0,0,0,1,1,0,18746.38,0,0,0,0,47764.63,218864.38,3
13_47,Healthy,2.397969973,0,0,0,1,0,0,0,0,0,1,0,0,0,0,0,0,1,0,0,0,0,0,1,0,0,0,452364.67,0,0,0,31300000,1.33e+09,3
13_48,Healthy,0,0,0,0,1,0,0,0,0,0,1,0,0,0,0,0,0,1,0,0,0,0,0,1,0,0,2763.7,0,36218.81,0,0,12505.4,9470000,4
13_49,WL,18.08890445,0,0,0,1,0,0,0,0,0,1,0,0,0,0,0,0,1,0,0,0,0,0,1,0,0,6855.78,0,30600000,0,0,13500000,1.92e+08,4
13_5,WL,2.213899293,0,1,0,0,0,0,0,0,1,1,0,0,0,0,1,0,0,0,0,0,0,1,0,0,0,1548.44,0,0,0,0,1989.16,655430.88,3
13_50,WL,2.505307856,0,0,0,1,0,0,0,0,0,1,0,0,0,0,0,0,1,0,0,0,0,0,1,0,0,1408.78,0,2410000,0,437295.67,624966.75,6110000,5
13_51,Healthy,0.194115863,1,0,0,0,0,0,0,0,1,0,0,0,0,0,1,0,0,0,0,0,0,1,0,0,0,6847.64,0,0,0,0,6822.37,0,2
13_52,WL,4.758465011,1,0,0,0,0,0,0,0,1,0,0,0,0,0,1,0,0,0,0,0,0,1,0,0,0,14398.82,3030.66,0,0,0,1.4e+09,5870000,4
13_53,WL,0,1,0,0,0,0,0,0,0,1,0,0,0,0,0,1,0,0,0,0,0,0,1,0,0,0,20776.48,0,0,0,0,18080.56,8674.24,3
13_54,Healthy,0,1,0,0,0,0,0,0,0,1,0,0,0,0,0,1,0,0,0,0,0,0,1,0,0,0,12784.96,0,3970000,0,0,12004.44,0,3
13_55,Healthy,2.049512021,1,0,0,0,0,0,0,0,0,1,0,0,0,0,0,0,1,0,0,0,0,1,0,0,0,22114.22,0,0,0,0,1.22e+08,0,2
13_56,WL,1.283311772,1,0,0,0,0,0,0,0,0,1,0,0,0,0,0,0,1,0,0,0,0,1,0,0,0,3322.18,0,0,0,0,78676.96,0,2
13_57,Healthy,1.6,1,0,0,0,0,0,0,0,0,1,0,0,0,0,0,0,1,0,0,0,0,1,0,0,0,2469.89,0,0,0,0,16708.63,3027.06,3
13_58,WL,2.146389713,1,0,0,0,0,0,0,0,0,1,0,0,0,0,0,0,1,0,0,0,0,1,0,0,0,6775.23,0,0,0,0,36608.44,107751.66,3
13_59,WL,5.289595079,0,1,0,0,0,0,0,0,0,1,0,0,0,0,1,0,0,0,0,0,0,1,0,0,0,4420.02,0,8470000,0,0,9120000,410199.11,4
13_6,Healthy,0.686419753,0,1,0,0,0,0,0,0,1,1,0,0,0,0,1,0,0,0,0,0,0,1,0,0,0,2830.78,0,0,0,0,2500000,8877.27,3
13_60,Healthy,1.235849057,0,1,0,0,0,0,0,0,0,1,0,0,0,0,1,0,0,0,0,0,0,1,0,0,0,2585.08,0,0,0,0,16359.79,96294.15,3
13_61,Healthy,0,0,1,0,0,0,0,0,0,0,1,0,0,0,0,1,0,0,0,0,0,0,1,0,0,0,2292.95,0,0,0,0,4624.44,0,2
13_62,WL,0.358476475,0,1,0,0,0,0,0,0,0,1,0,0,0,0,1,0,0,0,0,0,0,1,0,0,0,1288.75,0,0,0,0,88200000,0,2
13_63,Healthy,1.216533584,1,0,0,0,0,0,0,0,0,1,0,0,0,0,0,0,1,0,0,0,0,1,0,0,0,8071.12,0,0,0,0,1411.32,0,2
13_64,WL,5.532261822,1,0,0,0,0,0,0,0,0,1,0,0,0,0,0,0,1,0,0,0,0,1,0,0,0,8112.96,0,0,0,0,7635.38,0,2
13_65,Healthy,0.325623859,1,0,0,0,0,0,0,0,0,1,0,0,0,0,0,0,1,0,0,0,0,1,0,0,0,2460.98,0,0,0,0,1384.35,0,2
13_66,WL,0.853467211,1,0,0,0,0,0,0,0,0,1,0,0,0,0,0,0,1,0,0,0,0,1,0,0,0,0,0,0,0,13820.26,9018.45,1558.27,3
13_67,Healthy,7.987912365,1,0,0,0,0,0,0,1,0,0,0,0,0,0,0,0,0,0,0,0,1,1,0,0,0,0,1613.38,0,0,0,8.01e+08,15081.86,3
13_68,WL,3.893632593,1,0,0,0,0,0,0,1,0,0,0,0,0,0,0,0,0,0,0,0,1,1,0,0,0,3691.16,0,0,0,0,1771.52,0,2
13_69,WL,10.96014493,1,0,0,0,0,0,0,1,0,0,0,0,0,0,0,0,0,0,0,0,1,1,0,0,0,2049.25,1408.23,0,0,0,2322.86,31970.48,4
13_7,WL,2.829937998,1,0,0,0,0,0,0,0,0,1,0,0,0,0,0,0,1,0,0,0,0,0,1,0,0,17848.33,0,0,0,0,4640000,799711.84,3
13_70,Healthy,5.094217024,1,0,0,0,0,0,0,1,0,0,0,0,0,0,0,0,0,0,0,0,1,1,0,0,0,4855.55,3760.52,0,0,0,11700000,166814.88,4
13_71,WL,0,1,0,0,0,0,0,0,0,0,1,0,0,0,0,1,0,0,0,0,0,0,1,0,0,0,88414.21,0,0,0,0,3839.4,0,2
13_72,Healthy,0,1,0,0,0,0,0,0,0,0,1,0,0,0,0,1,0,0,0,0,0,0,1,0,0,0,28491.68,0,0,0,0,1876.72,3128.87,3
13_73,WL,0.857580398,1,0,0,0,0,0,0,0,0,1,0,0,0,0,1,0,0,0,0,0,0,1,0,0,0,26511.95,0,0,0,0,46100000,2.2e+08,3
13_74,Healthy,0,1,0,0,0,0,0,0,0,0,1,0,0,0,0,1,0,0,0,0,0,0,1,0,0,0,13448.74,0,0,0,0,1506.86,3207.11,3
13_75,WL,9.363538296,1,0,0,0,0,0,0,1,0,0,0,0,0,0,1,0,0,0,0,0,0,1,0,0,0,6765.04,0,0,0,0,3.85e+09,18700000,3
13_76,Healthy,0.725635593,1,0,0,0,0,0,0,1,0,0,0,0,0,0,1,0,0,0,0,0,0,1,0,0,0,8454.69,0,0,0,0,1215.59,4280000,3
13_77,Healthy,2.374670185,1,0,0,0,0,0,0,1,0,0,0,0,0,0,1,0,0,0,0,0,0,1,0,0,0,1936.27,0,0,0,0,6.79e+08,1670000,3
13_78,WL,0,1,0,0,0,0,0,0,1,0,0,0,0,0,0,1,0,0,0,0,0,0,1,0,0,0,15242.5,0,0,0,0,2077.76,0,2
13_79,Healthy,3.750288484,1,0,0,0,0,0,0,0,0,1,0,0,0,0,0,0,1,0,0,0,0,1,0,0,0,3946.55,0,0,0,0,4590.54,0,2
13_8,Healthy,0.609625668,1,0,0,0,0,0,0,0,0,1,0,0,0,0,0,0,1,0,0,0,0,0,1,0,0,11094.11,0,0,0,0,72100.33,149140.51,3
13_80,WL,0.635662538,1,0,0,0,0,0,0,0,0,1,0,0,0,0,0,0,1,0,0,0,0,1,0,0,0,11875.12,0,0,0,0,32136.91,2791.71,3
13_81,Healthy,20.63157895,1,0,0,0,0,0,0,0,0,1,0,0,0,0,0,0,1,0,0,0,0,1,0,0,0,1893.83,0,0,0,0,7439.98,0,2
13_82,WL,2.790217017,1,0,0,0,0,0,0,0,0,1,0,0,0,0,0,0,1,0,0,0,0,1,0,0,0,19512.39,0,0,0,0,1580000,11990.04,3
13_83,WL,2.239338183,1,0,0,0,0,0,0,0,0,1,1,0,0,0,1,0,0,0,0,0,0,1,0,0,0,10985.47,0,0,0,0,5.69e+08,255923.03,3
13_84,Healthy,3.683700319,1,0,0,0,0,0,0,0,0,1,1,0,0,0,1,0,0,0,0,0,0,1,0,0,0,6371.62,0,0,0,0,28287.55,12657.29,3
13_85,Healthy,0.296766271,1,0,0,0,0,0,0,0,0,1,1,0,0,0,1,0,0,0,0,0,0,1,0,0,0,2778.33,0,0,0,0,5115.91,0,2
13_86,WL,7.011214953,1,0,0,0,0,0,0,0,0,1,1,0,0,0,1,0,0,0,0,0,0,1,0,0,0,2264.94,0,0,0,0,14600000,74124.34,3
13_87,WL,0,1,0,0,0,0,0,0,0,0,0,0,0,0,1,0,0,1,0,0,0,0,1,0,0,0,8840.17,0,0,0,0,4.06e+08,2257.18,3
13_88,Healthy,0,1,0,0,0,0,0,0,0,0,0,0,0,0,1,0,0,1,0,0,0,0,1,0,0,0,1340000,0,0,0,0,3221.61,21643.35,3
13_89,WL,0,1,0,0,0,0,0,0,0,0,0,0,0,0,1,0,0,1,0,0,0,0,1,0,0,0,8942.92,0,0,0,0,1301.48,11176.67,3
13_9,WL,7.147685029,0,1,0,0,0,0,0,0,1,0,0,0,0,0,0,0,1,0,0,0,0,1,0,0,0,0,0,0,0,0,16896.5,2170000,2
13_90,WL,0,1,0,0,0,0,0,0,0,0,0,0,0,0,1,0,0,1,0,0,0,0,1,0,0,0,9555.48,0,0,0,0,4700000,7010000,3
13_91,Healthy,0,1,0,0,0,0,0,0,0,0,0,0,0,0,1,0,0,1,0,0,0,0,1,0,0,0,7871.93,0,0,0,0,3685.12,0,2
13_92,Healthy,0,1,0,0,0,0,0,0,0,0,0,0,0,0,1,0,0,1,0,0,0,0,1,0,0,0,8063.62,0,0,0,0,6147.76,4539.35,3
13_93,Healthy,0.284823285,1,0,0,0,0,0,0,0,1,0,0,0,0,0,1,0,0,0,0,0,0,1,0,0,0,40244.91,0,0,0,0,1833.39,91729.62,3
13_94,WL,3.530503979,1,0,0,0,0,0,0,0,1,0,0,0,0,0,1,0,0,0,0,0,0,1,0,0,0,11886.73,0,0,0,0,39500000,4.3e+08,3
13_95,Healthy,0.852526641,1,0,0,0,0,0,0,0,1,0,0,0,0,0,1,0,0,0,0,0,0,1,0,0,0,21448.98,0,0,0,0,8167.64,15240.77,3
13_96,Healthy,5.880260818,1,0,0,0,0,0,0,0,1,0,0,0,0,0,1,0,0,0,0,0,0,1,0,0,0,18673.41,0,0,0,0,85732.5,25300000,3
13_97,WL,11.86477644,1,0,0,0,0,0,0,0,1,0,0,0,0,0,1,0,0,0,0,0,0,1,0,0,0,39719.08,0,25783.29,0,0,9.86e+08,1.07e+09,4
13_98,WL,3.727506427,1,0,0,0,0,0,0,0,1,0,0,0,0,0,1,0,0,0,0,0,0,1,0,0,0,1269.02,0,0,0,0,30653.62,317612.69,3
13_99,WL,0.513833992,1,0,0,0,0,0,0,0,1,1,0,0,0,0,0,0,0,0,0,1,0,0,0,1,0,3569.75,0,0,0,0,1046.14,8210.55,3
